time_s,reference_signal_v
0.0000,0.0000000
0.0100,0.0000000
0.0200,0.0000000
0.0300,0.0000000
0.0400,0.0000000
0.0500,0.0000000
0.0600,0.0000000
0.0700,0.0000000
0.0800,0.0000000
0.0900,0.0000000
0.1000,0.0000000
0.1100,0.0000000
0.1200,0.0000000
0.1300,0.0000000
0.1400,0.0000000
0.1500,0.0000000
0.1600,0.0000000
0.1700,0.0000000
0.1800,0.0000000
0.1900,0.0000000
0.2000,0.0000000
0.2100,0.0000000
0.2200,0.0000000
0.2300,0.0000000
0.2400,0.0000000
0.2500,0.0000000
0.2600,0.0000000
0.2700,0.0000000
0.2800,0.0000000
0.2900,0.0000000
0.3000,0.0000000
0.3100,0.0000000
0.3200,0.0000000
0.3300,0.0000000
0.3400,0.0000000
0.3500,0.0000000
0.3600,0.0000000
0.3700,0.0000000
0.3800,0.0000000
0.3900,0.0000000
0.4000,0.0000000
0.4100,0.0000000
0.4200,0.0000000
0.4300,0.0000000
0.4400,0.0000000
0.4500,0.0000000
0.4600,0.0000000
0.4700,0.0000000
0.4800,0.0000000
0.4900,0.0000000
0.5000,0.0000000
0.5100,0.0000000
0.5200,0.0000000
0.5300,0.0000000
0.5400,0.0000000
0.5500,0.0000000
0.5600,0.0000000
0.5700,0.0000000
0.5800,0.0000000
0.5900,0.0000000
0.6000,0.0000000
0.6100,0.0002384
0.6200,0.0009472
0.6300,0.0021168
0.6400,0.0037376
0.6500,0.0058000
0.6600,0.0082944
0.6700,0.0112112
0.6800,0.0145408
0.6900,0.0182736
0.7000,0.0224000
0.7100,0.0269104
0.7200,0.0317952
0.7300,0.0370448
0.7400,0.0426496
0.7500,0.0486000
0.7600,0.0548864
0.7700,0.0614992
0.7800,0.0684288
0.7900,0.0756656
0.8000,0.0832000
0.8100,0.0910224
0.8200,0.0991232
0.8300,0.1074928
0.8400,0.1161216
0.8500,0.1250000
0.8600,0.1341184
0.8700,0.1434672
0.8800,0.1530368
0.8900,0.1628176
0.9000,0.1728000
0.9100,0.1829744
0.9200,0.1933312
0.9300,0.2038608
0.9400,0.2145536
0.9500,0.2254000
0.9600,0.2363904
0.9700,0.2475152
0.9800,0.2587648
0.9900,0.2701296
1.0000,0.2816000
1.0100,0.2931664
1.0200,0.3048192
1.0300,0.3165488
1.0400,0.3283456
1.0500,0.3402000
1.0600,0.3521024
1.0700,0.3640432
1.0800,0.3760128
1.0900,0.3880016
1.1000,0.4000000
1.1100,0.4119984
1.1200,0.4239872
1.1300,0.4359568
1.1400,0.4478976
1.1500,0.4598000
1.1600,0.4716544
1.1700,0.4834512
1.1800,0.4951808
1.1900,0.5068336
1.2000,0.5184000
1.2100,0.5298704
1.2200,0.5412352
1.2300,0.5524848
1.2400,0.5636096
1.2500,0.5746000
1.2600,0.5854464
1.2700,0.5961392
1.2800,0.6066688
1.2900,0.6170256
1.3000,0.6272000
1.3100,0.6371824
1.3200,0.6469632
1.3300,0.6565328
1.3400,0.6658816
1.3500,0.6750000
1.3600,0.6838784
1.3700,0.6925072
1.3800,0.7008768
1.3900,0.7089776
1.4000,0.7168000
1.4100,0.7243344
1.4200,0.7315712
1.4300,0.7385008
1.4400,0.7451136
1.4500,0.7514000
1.4600,0.7573504
1.4700,0.7629552
1.4800,0.7682048
1.4900,0.7730896
1.5000,0.7776000
1.5100,0.7817264
1.5200,0.7854592
1.5300,0.7887888
1.5400,0.7917056
1.5500,0.7942000
1.5600,0.7962624
1.5700,0.7978832
1.5800,0.7990528
1.5900,0.7997616
1.6000,0.8000000
1.6100,0.8026137
1.6200,0.8051639
1.6300,0.8076320
1.6400,0.8100003
1.6500,0.8122521
1.6600,0.8143718
1.6700,0.8163453
1.6800,0.8181598
1.6900,0.8198037
1.7000,0.8212672
1.7100,0.8225420
1.7200,0.8236212
1.7300,0.8244999
1.7400,0.8251745
1.7500,0.8256431
1.7600,0.8259056
1.7700,0.8259633
1.7800,0.8258192
1.7900,0.8254777
1.8000,0.8249446
1.8100,0.8242274
1.8200,0.8233346
1.8300,0.8222760
1.8400,0.8210625
1.8500,0.8197061
1.8600,0.8182197
1.8700,0.8166168
1.8800,0.8149119
1.8900,0.8131197
1.9000,0.8112557
1.9100,0.8093354
1.9200,0.8073746
1.9300,0.8053891
1.9400,0.8033948
1.9500,0.8014072
1.9600,0.7994415
1.9700,0.7975126
1.9800,0.7956349
1.9900,0.7938220
2.0000,0.7920868
2.0100,0.7904416
2.0200,0.7888975
2.0300,0.7874648
2.0400,0.7861528
2.0500,0.7849696
2.0600,0.7839223
2.0700,0.7830167
2.0800,0.7822575
2.0900,0.7816481
2.1000,0.7811907
2.1100,0.7808865
2.1200,0.7807352
2.1300,0.7807354
2.1400,0.7808847
2.1500,0.7811795
2.1600,0.7816150
2.1700,0.7821855
2.1800,0.7828845
2.1900,0.7837043
2.2000,0.7846367
2.2100,0.7856725
2.2200,0.7868021
2.2300,0.7880151
2.2400,0.7893008
2.2500,0.7906480
2.2600,0.7920454
2.2700,0.7934811
2.2800,0.7949436
2.2900,0.7964211
2.3000,0.7979018
2.3100,0.7993743
2.3200,0.8008272
2.3300,0.8022498
2.3400,0.8036314
2.3500,0.8049621
2.3600,0.8062325
2.3700,0.8074336
2.3800,0.8085573
2.3900,0.8095962
2.4000,0.8105437
2.4100,0.8113940
2.4200,0.8121421
2.4300,0.8127838
2.4400,0.8133161
2.4500,0.8137365
2.4600,0.8140436
2.4700,0.8142370
2.4800,0.8143171
2.4900,0.8142851
2.5000,0.8141430
2.5100,0.8138939
2.5200,0.8135414
2.5300,0.8130900
2.5400,0.8125447
2.5500,0.8119113
2.5600,0.8111963
2.5700,0.8104065
2.5800,0.8095492
2.5900,0.8086322
2.6000,0.8076635
2.6100,0.8066516
2.6200,0.8056049
2.6300,0.8045321
2.6400,0.8034421
2.6500,0.8023434
2.6600,0.8012447
2.6700,0.8001546
2.6800,0.7990812
2.6900,0.7980328
2.7000,0.7970168
2.7100,0.7960408
2.7200,0.7951115
2.7300,0.7942354
2.7400,0.7934184
2.7500,0.7926658
2.7600,0.7919824
2.7700,0.7913724
2.7800,0.7908392
2.7900,0.7903856
2.8000,0.7900140
2.8100,0.7897257
2.8200,0.7895218
2.8300,0.7894023
2.8400,0.7893667
2.8500,0.7894140
2.8600,0.7895425
2.8700,0.7897497
2.8800,0.7900328
2.8900,0.7903884
2.9000,0.7908124
2.9100,0.7913006
2.9200,0.7918479
2.9300,0.7924493
2.9400,0.7930992
2.9500,0.7937918
2.9600,0.7945209
2.9700,0.7952804
2.9800,0.7960638
2.9900,0.7968647
3.0000,0.7976767
3.0100,0.7982239
3.0200,0.7982366
3.0300,0.7977176
3.0400,0.7966698
3.0500,0.7950963
3.0600,0.7930006
3.0700,0.7903862
3.0800,0.7872573
3.0900,0.7836181
3.1000,0.7794734
3.1100,0.7748284
3.1200,0.7696888
3.1300,0.7640606
3.1400,0.7579504
3.1500,0.7513652
3.1600,0.7443126
3.1700,0.7368006
3.1800,0.7288377
3.1900,0.7204330
3.2000,0.7115960
3.2100,0.7023367
3.2200,0.6926655
3.2300,0.6825933
3.2400,0.6721314
3.2500,0.6612915
3.2600,0.6500857
3.2700,0.6385264
3.2800,0.6266262
3.2900,0.6143982
3.3000,0.6018555
3.3100,0.5890116
3.3200,0.5758800
3.3300,0.5624745
3.3400,0.5488088
3.3500,0.5348967
3.3600,0.5207521
3.3700,0.5063889
3.3800,0.4918207
3.3900,0.4770612
3.4000,0.4621240
3.4100,0.4470224
3.4200,0.4317695
3.4300,0.4163783
3.4400,0.4008615
3.4500,0.3852315
3.4600,0.3695003
3.4700,0.3536799
3.4800,0.3377815
3.4900,0.3218165
3.5000,0.3057954
3.5100,0.2897288
3.5200,0.2736265
3.5300,0.2574984
3.5400,0.2413536
3.5500,0.2252012
3.5600,0.2090495
3.5700,0.1929070
3.5800,0.1767814
3.5900,0.1606804
3.6000,0.1446111
3.6100,0.1285805
3.6200,0.1125954
3.6300,0.0966621
3.6400,0.0807870
3.6500,0.0649761
3.6600,0.0492352
3.6700,0.0335702
3.6800,0.0179865
3.6900,0.0024898
3.7000,-0.0129145
3.7100,-0.0282209
3.7200,-0.0434239
3.7300,-0.0585181
3.7400,-0.0734980
3.7500,-0.0883579
3.7600,-0.1030921
3.7700,-0.1176947
3.7800,-0.1321598
3.7900,-0.1464811
3.8000,-0.1606523
3.8100,-0.1746668
3.8200,-0.1885178
3.8300,-0.2021983
3.8400,-0.2157009
3.8500,-0.2290182
3.8600,-0.2421422
3.8700,-0.2550649
3.8800,-0.2677780
3.8900,-0.2802727
3.9000,-0.2925403
3.9100,-0.3045714
3.9200,-0.3163567
3.9300,-0.3278864
3.9400,-0.3391506
3.9500,-0.3501392
3.9600,-0.3608416
3.9700,-0.3712474
3.9800,-0.3813456
3.9900,-0.3911253
4.0000,-0.4005754
4.0100,-0.4096845
4.0200,-0.4184413
4.0300,-0.4268343
4.0400,-0.4348519
4.0500,-0.4424825
4.0600,-0.4497143
4.0700,-0.4565358
4.0800,-0.4629352
4.0900,-0.4689009
4.1000,-0.4744213
4.1100,-0.4794848
4.1200,-0.4840800
4.1300,-0.4881956
4.1400,-0.4918202
4.1500,-0.4949428
4.1600,-0.4975525
4.1700,-0.4996384
4.1800,-0.5011899
4.1900,-0.5021965
4.2000,-0.5026481
4.2100,-0.5058561
4.2200,-0.5089657
4.2300,-0.5119546
4.2400,-0.5148016
4.2500,-0.5174870
4.2600,-0.5199928
4.2700,-0.5223024
4.2800,-0.5244013
4.2900,-0.5262766
4.3000,-0.5279177
4.3100,-0.5293156
4.3200,-0.5304636
4.3300,-0.5313569
4.3400,-0.5319928
4.3500,-0.5323707
4.3600,-0.5324919
4.3700,-0.5323596
4.3800,-0.5319791
4.3900,-0.5313575
4.4000,-0.5305036
4.4100,-0.5294277
4.4200,-0.5281419
4.4300,-0.5266597
4.4400,-0.5249956
4.4500,-0.5231657
4.4600,-0.5211867
4.4700,-0.5190766
4.4800,-0.5168537
4.4900,-0.5145371
4.5000,-0.5121463
4.5100,-0.5097011
4.5200,-0.5072213
4.5300,-0.5047265
4.5400,-0.5022364
4.5500,-0.4997702
4.5600,-0.4973465
4.5700,-0.4949834
4.5800,-0.4926982
4.5900,-0.4905072
4.6000,-0.4884259
4.6100,-0.4864686
4.6200,-0.4846483
4.6300,-0.4829769
4.6400,-0.4814648
4.6500,-0.4801211
4.6600,-0.4789535
4.6700,-0.4779680
4.6800,-0.4771693
4.6900,-0.4765604
4.7000,-0.4761429
4.7100,-0.4759170
4.7200,-0.4758811
4.7300,-0.4760324
4.7400,-0.4763667
4.7500,-0.4768783
4.7600,-0.4775603
4.7700,-0.4784047
4.7800,-0.4794023
4.7900,-0.4805427
4.8000,-0.4818149
4.8100,-0.4832067
4.8200,-0.4847054
4.8300,-0.4862977
4.8400,-0.4879698
4.8500,-0.4897072
4.8600,-0.4914956
4.8700,-0.4933203
4.8800,-0.4951664
4.8900,-0.4970195
4.9000,-0.4988649
4.9100,-0.5006887
4.9200,-0.5024770
4.9300,-0.5042165
4.9400,-0.5058947
4.9500,-0.5074996
4.9600,-0.5090198
4.9700,-0.5104452
4.9800,-0.5117662
4.9900,-0.5129743
5.0000,-0.5140620
5.0100,-0.5150230
5.0200,-0.5158519
5.0300,-0.5165444
5.0400,-0.5170974
5.0500,-0.5175090
5.0600,-0.5177783
5.0700,-0.5179056
5.0800,-0.5178923
5.0900,-0.5177407
5.1000,-0.5174544
5.1100,-0.5170378
5.1200,-0.5164962
5.1300,-0.5158359
5.1400,-0.5150640
5.1500,-0.5141884
5.1600,-0.5132174
5.1700,-0.5121601
5.1800,-0.5110263
5.1900,-0.5098259
5.2000,-0.5085693
5.2100,-0.5072672
5.2200,-0.5059304
5.2300,-0.5045697
5.2400,-0.5031962
5.2500,-0.5018207
5.2600,-0.5004538
5.2700,-0.4991060
5.2800,-0.4977874
5.2900,-0.4965078
5.3000,-0.4952762
5.3100,-0.4941016
5.3200,-0.4929921
5.3300,-0.4919551
5.3400,-0.4909975
5.3500,-0.4901254
5.3600,-0.4893441
5.3700,-0.4886581
5.3800,-0.4880713
5.3900,-0.4875864
5.4000,-0.4872057
5.4100,-0.4869302
5.4200,-0.4867604
5.4300,-0.4866958
5.4400,-0.4867352
5.4500,-0.4868767
5.4600,-0.4871173
5.4700,-0.4874536
5.4800,-0.4878815
5.4900,-0.4883960
5.5000,-0.4889919
5.5100,-0.4896630
5.5200,-0.4904031
5.5300,-0.4912051
5.5400,-0.4920620
5.5500,-0.4929661
5.5600,-0.4939097
5.5700,-0.4948849
5.5800,-0.4958834
5.5900,-0.4968974
5.6000,-0.4979186
5.6100,-0.4989390
5.6200,-0.4999507
5.6300,-0.5009461
5.6400,-0.5019178
5.6500,-0.5028585
5.6600,-0.5037616
5.6700,-0.5046206
5.6800,-0.5054297
5.6900,-0.5061834
5.7000,-0.5068768
5.7100,-0.5075056
5.7200,-0.5080658
5.7300,-0.5085544
5.7400,-0.5089688
5.7500,-0.5093068
5.7600,-0.5095673
5.7700,-0.5097495
5.7800,-0.5098532
5.7900,-0.5098789
5.8000,-0.5098278
5.8100,-0.5097015
5.8200,-0.5095023
5.8300,-0.5092327
5.8400,-0.5088962
5.8500,-0.5084965
5.8600,-0.5080376
5.8700,-0.5075241
5.8800,-0.5069608
5.8900,-0.5063530
5.9000,-0.5057061
5.9100,-0.5050258
5.9200,-0.5043178
5.9300,-0.5035881
5.9400,-0.5028427
5.9500,-0.5020876
5.9600,-0.5013288
5.9700,-0.5005723
5.9800,-0.4998239
5.9900,-0.4990892
6.0000,-0.4983737
6.0100,-0.4976826
6.0200,-0.4970209
6.0300,-0.4963932
6.0400,-0.4958037
6.0500,-0.4952565
6.0600,-0.4947550
6.0700,-0.4943023
6.0800,-0.4939013
6.0900,-0.4935540
6.1000,-0.4932624
6.1100,-0.4930277
6.1200,-0.4928509
6.1300,-0.4927322
6.1400,-0.4926718
6.1500,-0.4926691
6.1600,-0.4927232
6.1700,-0.4928326
6.1800,-0.4929957
6.1900,-0.4932103
6.2000,-0.4934739
6.2100,-0.4936247
6.2200,-0.4935039
6.2300,-0.4931129
6.2400,-0.4924530
6.2500,-0.4915251
6.2600,-0.4903302
6.2700,-0.4888689
6.2800,-0.4871417
6.2900,-0.4851492
6.3000,-0.4828917
6.3100,-0.4803698
6.3200,-0.4775839
6.3300,-0.4745346
6.3400,-0.4712224
6.3500,-0.4676481
6.3600,-0.4638127
6.3700,-0.4597172
6.3800,-0.4553630
6.3900,-0.4507515
6.4000,-0.4458846
6.4100,-0.4407644
6.4200,-0.4353932
6.4300,-0.4297737
6.4400,-0.4239090
6.4500,-0.4178023
6.4600,-0.4114574
6.4700,-0.4048782
6.4800,-0.3980692
6.4900,-0.3910351
6.5000,-0.3837808
6.5100,-0.3763118
6.5200,-0.3686337
6.5300,-0.3607527
6.5400,-0.3526749
6.5500,-0.3444070
6.5600,-0.3359558
6.5700,-0.3273284
6.5800,-0.3185322
6.5900,-0.3095747
6.6000,-0.3004636
6.6100,-0.2912066
6.6200,-0.2818120
6.6300,-0.2722876
6.6400,-0.2626417
6.6500,-0.2528825
6.6600,-0.2430182
6.6700,-0.2330570
6.6800,-0.2230073
6.6900,-0.2128770
6.7000,-0.2026744
6.7100,-0.1924073
6.7200,-0.1820836
6.7300,-0.1717111
6.7400,-0.1612973
6.7500,-0.1508495
6.7600,-0.1403749
6.7700,-0.1298805
6.7800,-0.1193730
6.7900,-0.1088589
6.8000,-0.0983445
6.8100,-0.0878358
6.8200,-0.0773386
6.8300,-0.0668583
6.8400,-0.0564002
6.8500,-0.0459694
6.8600,-0.0355705
6.8700,-0.0252081
6.8800,-0.0148864
6.8900,-0.0046095
6.9000,0.0056188
6.9100,0.0157949
6.9200,0.0259154
6.9300,0.0359770
6.9400,0.0459766
6.9500,0.0559113
6.9600,0.0657783
6.9700,0.0755749
6.9800,0.0852985
6.9900,0.0949465
7.0000,0.1045165
7.0100,0.1140059
7.0200,0.1234124
7.0300,0.1327334
7.0400,0.1419666
7.0500,0.1511093
7.0600,0.1601590
7.0700,0.1691130
7.0800,0.1779686
7.0900,0.1867228
7.1000,0.1953727
7.1100,0.2039151
7.1200,0.2123468
7.1300,0.2206644
7.1400,0.2288641
7.1500,0.2369422
7.1600,0.2448947
7.1700,0.2527176
7.1800,0.2604064
7.1900,0.2679566
7.2000,0.2753635
7.2100,0.2826222
7.2200,0.2897277
7.2300,0.2966745
7.2400,0.3034573
7.2500,0.3100705
7.2600,0.3165083
7.2700,0.3227647
7.2800,0.3288337
7.2900,0.3347092
7.3000,0.3403848
7.3100,0.3458540
7.3200,0.3511104
7.3300,0.3561475
7.3400,0.3609585
7.3500,0.3655368
7.3600,0.3698756
7.3700,0.3739683
7.3800,0.3778080
7.3900,0.3813880
7.4000,0.3847016
7.4100,0.3877422
7.4200,0.3905030
7.4300,0.3929776
7.4400,0.3951595
7.4500,0.3970421
7.4600,0.3986193
7.4700,0.3998848
7.4800,0.4008326
7.4900,0.4014565
7.5000,0.4017509
7.5100,0.4040486
7.5200,0.4062770
7.5300,0.4084200
7.5400,0.4104625
7.5500,0.4123902
7.5600,0.4141902
7.5700,0.4158506
7.5800,0.4173610
7.5900,0.4187120
7.6000,0.4198960
7.6100,0.4209064
7.6200,0.4217384
7.6300,0.4223884
7.6400,0.4228544
7.6500,0.4231359
7.6600,0.4232338
7.6700,0.4231502
7.6800,0.4228889
7.6900,0.4224549
7.7000,0.4218542
7.7100,0.4210944
7.7200,0.4201839
7.7300,0.4191323
7.7400,0.4179501
7.7500,0.4166485
7.7600,0.4152396
7.7700,0.4137360
7.7800,0.4121511
7.7900,0.4104983
7.8000,0.4087916
7.8100,0.4070451
7.8200,0.4052729
7.8300,0.4034892
7.8400,0.4017081
7.8500,0.3999431
7.8600,0.3982078
7.8700,0.3965150
7.8800,0.3948771
7.8900,0.3933060
7.9000,0.3918126
7.9100,0.3904073
7.9200,0.3890994
7.9300,0.3878974
7.9400,0.3868090
7.9500,0.3858406
7.9600,0.3849978
7.9700,0.3842851
7.9800,0.3837056
7.9900,0.3832619
8.0000,0.3829550
8.0100,0.3827850
8.0200,0.3827510
8.0300,0.3828511
8.0400,0.3830822
8.0500,0.3834404
8.0600,0.3839208
8.0700,0.3845177
8.0800,0.3852245
8.0900,0.3860339
8.1000,0.3869381
8.1100,0.3879283
8.1200,0.3889956
8.1300,0.3901304
8.1400,0.3913228
8.1500,0.3925626
8.1600,0.3938395
8.1700,0.3951430
8.1800,0.3964624
8.1900,0.3977875
8.2000,0.3991078
8.2100,0.4004131
8.2200,0.4016937
8.2300,0.4029400
8.2400,0.4041429
8.2500,0.4052940
8.2600,0.4063850
8.2700,0.4074086
8.2800,0.4083579
8.2900,0.4092269
8.3000,0.4100102
8.3100,0.4107030
8.3200,0.4113016
8.3300,0.4118028
8.3400,0.4122044
8.3500,0.4125050
8.3600,0.4127038
8.3700,0.4128011
8.3800,0.4127976
8.3900,0.4126953
8.4000,0.4124964
8.4100,0.4122040
8.4200,0.4118221
8.4300,0.4113551
8.4400,0.4108078
8.4500,0.4101861
8.4600,0.4094957
8.4700,0.4087433
8.4800,0.4079357
8.4900,0.4070801
8.5000,0.4061838
8.5100,0.4052544
8.5200,0.4042998
8.5300,0.4033277
8.5400,0.4023459
8.5500,0.4013622
8.5600,0.4003842
8.5700,0.3994193
8.5800,0.3984750
8.5900,0.3975580
8.6000,0.3966751
8.6100,0.3958325
8.6200,0.3950361
8.6300,0.3942912
8.6400,0.3936029
8.6500,0.3929754
8.6600,0.3924126
8.6700,0.3919179
8.6800,0.3914938
8.6900,0.3911426
8.7000,0.3908657
8.7100,0.3906641
8.7200,0.3905380
8.7300,0.3904873
8.7400,0.3905110
8.7500,0.3906077
8.7600,0.3907755
8.7700,0.3910118
8.7800,0.3913139
8.7900,0.3916781
8.8000,0.3921007
8.8100,0.3925775
8.8200,0.3931038
8.8300,0.3936747
8.8400,0.3942852
8.8500,0.3949298
8.8600,0.3956030
8.8700,0.3962990
8.8800,0.3970122
8.8900,0.3977367
8.9000,0.3984668
8.9100,0.3991967
8.9200,0.3999207
8.9300,0.4006333
8.9400,0.4013293
8.9500,0.4020035
8.9600,0.4026510
8.9700,0.4032674
8.9800,0.4038482
8.9900,0.4043897
9.0000,0.4048883
9.0100,0.4053408
9.0200,0.4057445
9.0300,0.4060971
9.0400,0.4063966
9.0500,0.4066418
9.0600,0.4068315
9.0700,0.4069652
9.0800,0.4070428
9.0900,0.4070646
9.1000,0.4070314
9.1100,0.4069443
9.1200,0.4068050
9.1300,0.4066153
9.1400,0.4063775
9.1500,0.4060943
9.1600,0.4057687
9.1700,0.4054038
9.1800,0.4050031
9.1900,0.4045703
9.2000,0.4041094
9.2100,0.4036242
9.2200,0.4031190
9.2300,0.4025981
9.2400,0.4020656
9.2500,0.4015260
9.2600,0.4009835
9.2700,0.4004423
9.2800,0.3999067
9.2900,0.3993806
9.3000,0.3988680
9.3100,0.3983727
9.3200,0.3978981
9.3300,0.3974476
9.3400,0.3970244
9.3500,0.3966311
9.3600,0.3962705
9.3700,0.3959446
9.3800,0.3956555
9.3900,0.3954048
9.4000,0.3951938
9.4100,0.3950235
9.4200,0.3948944
9.4300,0.3948071
9.4400,0.3947613
9.4500,0.3947569
9.4600,0.3947931
9.4700,0.3948689
9.4800,0.3949833
9.4900,0.3951345
9.5000,0.3953209
9.5100,0.3955404
9.5200,0.3957908
9.5300,0.3960696
9.5400,0.3963743
9.5500,0.3967019
9.5600,0.3970497
9.5700,0.3974145
9.5800,0.3977933
9.5900,0.3981829
9.6000,0.3985802
9.6100,0.3989818
9.6200,0.3993847
9.6300,0.3997857
9.6400,0.4001818
9.6500,0.4005699
9.6600,0.4009471
9.6700,0.4013108
9.6800,0.4016583
9.6900,0.4019873
9.7000,0.4022954
9.7100,0.4025807
9.7200,0.4028413
9.7300,0.4030757
9.7400,0.4032823
9.7500,0.4034601
9.7600,0.4036083
9.7700,0.4037260
9.7800,0.4038130
9.7900,0.4038690
9.8000,0.4038942
9.8100,0.4038888
9.8200,0.4038535
9.8300,0.4037889
9.8400,0.4036960
9.8500,0.4035761
9.8600,0.4034305
9.8700,0.4032607
9.8800,0.4030686
9.8900,0.4028559
9.9000,0.4026245
9.9100,0.4023767
9.9200,0.4021146
9.9300,0.4018405
9.9400,0.4015567
9.9500,0.4012655
9.9600,0.4009693
9.9700,0.4006706
9.9800,0.4003716
9.9900,0.4000746
